,GPA,Loan rate,Enrollment,Endowment,Graduation rate,SAT,Accept ratio,Tuition,Public/Private,Money_used,University_Tag,pc1,pc2,pc3,followers,tweets,following
0,4.0,0.463391137,6710,35495355.0,0.86,1497,0.05,48949,0,1,Harvard,4.654625394519316,4.972302354479393,3.695261993190329,899K,"39.7K
            ",770
1,3.75,0.80692959,40168,29041575.0,0.55,1297,0.4,10136,1,0,UT,-0.5148784771236282,4.9316782964724055,1.352590981820759,245,"260
            ",93
2,3.87,0.477272727,5472,25490350.0,0.86,1498,0.06,51400,0,1,Yale,4.148496692040442,3.702635353305411,3.0654773637363486,428K,"20.8K
            ",280
3,3.9,0.267241379,5400,22438026.5,0.89,1490,0.07,47140,0,1,Princeton,4.125469693749573,4.1739071099207425,3.5599860383993955,332K,"31.5K
            ","1,781"
4,3.9,0.46272189399999997,7034,22310543.5,0.75,1479,0.05,49617,0,1,SU,3.7106415479559893,3.597373711333981,2.8981358406797737,641K,"18.4K
            ",518
5,3.8,0.493503937,30979,15350000.0,0.29,1290,0.51,5460,0,0,Brigham,-0.6881648125580272,3.632727639709414,2.3925286441976317,"1,549","1,429
            ",225
6,3.92,0.577142857,4524,13328129.0,0.84,1507,0.08,49892,0,1,MIT,3.6225991580990224,2.3332753079303155,1.4628757626860576,974K,"15K
            ",498
7,3.9,0.68252149,10019,10424466.5,0.85,1457,0.09,53534,0,1,Cal U ,3.204331571451818,1.7449893842340132,0.7271368241296384,13.6K,"16.8K
            ",142
8,4.0,0.781656805,8353,9920767.0,0.84,1460,0.11,52678,0,1,NU,3.2416260447461878,1.4809878796881677,0.08650710235204657,13.1K,"3,177
            ",664
9,3.8,0.811149228,28983,9847787.0,0.76,1384,0.29,14826,1,0,U of M,0.11055676195291599,2.9431182402466236,-0.5855218823243935,"6,466","8,685
            ",447
10,4.0,0.7027914609999999,6113,9340046.0,0.86,1473,0.06,57208,0,1,CU,3.5923009477748136,1.5900544392527958,0.4013812231582645,294K,"21.3K
            ",532
11,3.89,0.852300242,8530,8470517.5,0.9,1455,0.19,51505,0,1,ND,2.9423773583091704,0.8647707706981975,-0.18434620737639437,"2,321","3,762
            ",470
12,3.9,0.67008135,29311,8169086.0,0.76,1397,0.16,14098,1,0,Berkeley,0.5007559077932102,3.5792686087280488,-0.3808747513748126,157K,"15.6K
            ",395
13,4.0,0.6603773589999999,5941,7275457.0,0.89,1506,0.08,54825,0,1,UChicago ,3.621794917279832,1.5980907540155964,0.29524722533029696,53.5K,"8,105
            ",2
14,3.91,0.88019802,6609,7068162.5,0.86,1450,0.11,53744,0,1,DU,3.031426139112924,0.6524745521996751,-0.3382795794092869,72.6K,"30.9K
            ",748
15,3.87,0.745689655,7540,6640232.5,0.88,1469,0.17,51533,0,1,Wash U ,2.9659700827897617,1.0169678026449949,0.17714561680496357,30.5K,"9,615
            ",765
16,3.7,0.87917967,6861,6542977.5,0.85,1366,0.25,49392,0,1,Em,2.103876058477053,0.059500495355692386,0.19396940622939995,44.8K,"9,552
            ",624
17,3.86,0.8047253059999999,14566,5897634.0,0.87,1428,0.14,52853,0,1,CU,2.6342584566246656,0.9493426888450267,-0.22012633271645274,250K,"15.7K
            ",532
18,3.89,0.6724137929999999,3893,5440884.0,0.83,1482,0.15,45608,0,1,Rice,2.9210272521007434,1.1862634927901627,0.46219294595333466,31.8K,"19.4K
            ","1,154"
19,3.9,0.8580075659999999,18794,4659112.5,0.77,1391,0.17,54259,0,1,SC,2.1438506868365965,0.7967179354927933,-0.575588435452663,"9,508","2,904
            ",168
20,3.89,0.8057553959999999,4310,4568947.5,0.88,1437,0.11,52950,0,1,Dartmouth,2.996853410714516,0.5248152925437861,-0.1528897189602527,65.4K,"18.6K
            ","2,575"
21,3.8,0.563872256,6871,3977864.5,0.87,1498,0.11,47664,0,1,Vandy,2.975357057907308,1.3922216657168005,0.8438523287793698,47.6K,"17.1K
            ","2,085"
22,3.6,0.914684449,41359,3619021.0,0.68,1094,0.56,18436,1,0,Pennsylvania,-2.2450678068946592,1.3565908513393095,-0.9540706761405596,"1,122","50.8K
            ",885
23,3.8,0.866984222,45831,3606224.5,0.59,1295,0.54,10591,1,0,Ohio,-1.7780354206429565,2.5289855544329645,-1.5465870552553946,830,"4,041
            ",300
24,4.0,0.952991453,19123,3556839.5,0.64,1201,0.55,19080,1,0,Pitt,-0.8619904849427407,1.2286044690417481,-1.5332055449689592,40.3K,"10.8K
            ","1,781"
25,3.6,0.8542278329999999,26135,3531941.0,0.82,1360,0.32,50464,0,1,NYU,1.1733800789430346,0.34174874615575895,-0.23665325807462648,143K,"6,806
            ",137
26,3.9,0.8990731209999999,6117,3396949.0,0.88,1453,0.12,52170,0,1,Hopkins,2.877138959680269,0.23469274693672262,-0.7505383509531643,11.4K,"39.7K
            ",386
27,3.73,0.885806705,34871,3289070.5,0.61,1285,0.44,14417,1,0,UoMC,-1.3399033664643574,1.9278172313502158,-1.1737538486074113,"1,329","881
            ",127
28,3.75,0.740981364,30933,3022119.5,0.65,1223,0.45,10974,1,0,The U,-1.329657514637157,2.1721412804131544,-0.497994679690487,155K,"14.1K
            ","1,985"
29,3.89,0.715824358,6926,3018357.5,0.84,1457,0.09,53419,0,1,Brown,2.9378176609201887,0.8274641467046766,0.03788262137061389,160K,"23K
            ",603
30,4.0,0.7034920640000001,18523,2939242.5,0.84,1343,0.27,9005,1,1,UoNCH,0.4079193945841728,2.594667697119398,-0.9841588031053456,"2,008","11.6K
            ",535
31,3.8,0.8540899040000001,31710,2442106.0,0.57,1300,0.53,10533,1,0,UoW,-1.4548200441286128,1.951884568870913,-1.1907153495075649,178K,"54.3K
            ","2,601"
32,3.8,0.869190632,33932,2339732.0,0.7,1305,0.6,15868,1,0,UI ,-1.2294945682698517,1.796450189526189,-1.501638051237363,"3,646","1,153
            ",215
33,3.7,0.796935395,30043,2326221.5,0.49,1231,0.56,10002,1,0,Purdue,-1.968490925896938,1.775089515986681,-0.4837078694695397,94K,"27.7K
            ",13.9K
34,3.86,0.653669725,2076,2325630.0,0.86,1442,0.18,53550,0,1,Williams,2.881585232082696,0.603964449730298,0.41569715429158005,"1,026","1,526
            ",395
35,3.83,0.8824911870000001,3036,2280678.0,0.84,1337,0.32,50910,0,0,UR ,2.0159047905602843,-0.4249433470655525,-0.3493004975116316,"7,800","8,840
            ",91
36,3.7,0.8928537259999999,39090,2249782.0,0.52,1159,0.66,14460,1,0,MSU,-2.4965033456384385,1.4951687706772097,-1.074925035531954,40.3K,"15.8K
            ",169
37,3.93,0.48387096799999996,979,2152805.5,0.81,1544,0.08,49908,0,1,Caltech,3.3945959254940585,1.5569775920703093,0.897588637412399,62.2K,"6,237
            ",468
38,3.9,0.9595570529999999,9309,2141950.0,0.89,1380,0.31,53346,0,1,BC,2.2067891896235343,-0.29820973862841993,-1.1393303585856978,65.8K,"23.6K
            ","2,432"
39,4.0,0.5,1849,2112677.0,0.86,1451,0.14,54310,0,1,Amherst,3.272842711412672,1.3358622713415496,0.7218557265377539,14.7K,"8,771
            ",520
40,4.0,0.47292418799999997,1660,2041817.5,0.92,1435,0.09,51075,0,0,POM,3.3874442121922224,1.4673422592976302,0.7809451612912915,383,"367
            ",23
41,3.8,0.948364888,6386,1988886.0,0.74,1410,0.38,52020,0,1,UR ,1.7643104413245678,-0.5053197905059155,-0.6655294199808341,"3,828","17K
            ","3,438"
42,3.7,0.862080425,39184,1980339.5,0.6,1199,0.79,10533,1,0,Indiana,-2.5005849531109883,1.553987513358654,-1.1775182427627393,212K,"44.1K
            ",655
43,3.9,0.806637807,15489,1851370.5,0.41,1403,0.26,12418,1,1,Ge,-0.41564481064956726,2.0638686858531003,-0.7196409888688652,"1,323","2,286
            ",771
44,3.9,0.7218009479999999,30873,1834138.0,0.74,1339,0.18,13256,1,1,UoCA,-0.09462300511142578,2.784675907796186,-1.1034605578124022,170K,"11.3K
            ",316
45,3.98,0.695652174,2347,1818991.0,0.83,1369,0.29,51148,0,1,Wellesley,2.463254442654948,0.4304765615755319,0.03681511957303528,16.5K,"7,516
            ",730
46,3.89,0.569230769,1543,1796380.5,0.88,1431,0.13,50822,0,1,Swarthm,3.000827165281382,0.9227122245152402,0.6602618701119606,"2,880","2,540
            ",435
47,3.8,0.9484361790000001,6673,1724046.0,0.75,1448,0.22,53910,0,1,CMU,2.1991214424233294,-0.3213929420436111,-0.7322497896248864,50.4K,"10.6K
            ",907
48,3.71,0.935986159,5152,1719369.0,0.64,1398,0.35,47500,0,1,Reserve,1.3675020818650188,-0.5741268925008408,-0.25561973804320054,"2,862","2,468
            ",66
49,4.0,0.890322581,1699,1718279.0,0.81,1402,0.2,50464,0,0,Grinnell,2.5859824500799378,-0.025920089002135844,-0.8228897362248629,"6,008","4,726
            ",561
50,3.9,0.912258065,2514,1704616.0,0.86,1410,0.37,50044,0,0,Smith,2.2497162761415743,-0.3918297289284767,-0.8234463573013645,18.1K,"16.7K
            ",180
51,3.6,0.942863917,17944,1649324.0,0.81,1303,0.29,52082,0,1,BU,1.1533898701945593,-0.5206838852766048,-0.4410135172038073,93.7K,"11.8K
            ",22.3K
52,3.6,0.9186428740000001,24212,1599010.5,0.36,1097,0.75,13570,1,0,VCU,-2.993464378855206,0.48070820501201766,-0.3200376906948842,"5,074","7,445
            ","1,603"
53,3.8,0.93646978,11504,1593317.5,0.76,1294,0.4,53518,0,0,GW ,1.3052449386270808,-0.5666862475155624,-0.6378787134477635,49.6K,"9,184
            ","1,793"
54,4.0,0.749235474,5508,1577993.5,0.87,1424,0.14,54318,0,1,TU,2.947739767043558,0.5788434330269532,-0.44011335790740724,41.8K,"23.8K
            ","5,483"
55,3.6,0.8341364840000001,22436,1521689.0,0.4,1204,0.71,9062,1,0,OU,-2.513102886894008,0.9703431914831618,-0.1481793258819122,158K,"12.3K
            ",494
56,4.0,0.656118825,34554,1508525.0,0.67,1272,0.46,6381,1,1,UF,-1.0167284569519999,2.9893480052484276,-1.0671677678394775,183K,"45.9K
            ",455
57,3.5,0.862807525,20833,1506580.5,0.36,1145,0.75,8690,1,0,NU,-2.970068489995017,0.5259879339141741,0.1377366353282255,10.4K,"9,896
            ",318
58,3.89,0.8564213559999999,7453,1506185.5,0.9,1416,0.17,52300,0,1,Ge,2.6262613987247616,0.10700795035621434,-0.7356757901841986,22.5K,"20.8K
            ","1,875"
59,3.6,0.897549094,19262,1487780.0,0.41,1145,0.93,10824,1,0,KU,-2.9638172119368056,0.2838645566013934,-0.29036706299806203,76.6K,"30.4K
            ",470
60,3.58,0.852135816,8891,1475097.5,0.63,1220,0.38,44760,0,0,TCU,0.4494270055638904,-0.6980972163952499,0.5428551984832652,146K,"12.1K
            ",13.3K
61,3.87,0.820143885,1830,1471879.5,0.88,1395,0.24,51148,0,1,W&L,2.5149068219632227,-0.11102212654925507,-0.3458267989212066,534,"770
            ",66
62,3.54,0.903946125,25898,1468475.0,0.44,1203,0.78,10716,1,0,MSU,-2.7283999560904397,0.6675381123773203,-0.46326837724322073,123K,"19.8K
            ",277
63,3.7,0.8826291079999999,6521,1444638.5,0.68,1330,0.49,52498,0,0,SMU,1.0867107863968846,-0.7482710056609841,-0.03328739002357613,"8,689","1,012
            ",473
64,3.8,0.680781759,1806,1366370.5,0.89,1505,0.15,51848,0,1,Bowdoin,3.0269447433733054,0.4852435209459582,0.22394968451857095,301,"204
            ",15
65,3.7,0.933625337,18374,1301581.5,0.71,1198,0.65,12830,1,0,UD,-1.49180013550214,0.547569579079956,-1.0760108556398744,85,"8
            ",3
66,3.6,0.9068706390000001,24476,1261176.0,0.51,1164,0.84,8575,1,0,SUI,-2.7347259325640167,0.5669888570110083,-0.6416560265631341,10.1K,"4,382
            ","9,906"
67,3.7,0.916921732,32563,1229867.5,0.44,1181,0.53,10780,1,0,Bama,-2.3439132023898157,1.3282969722993174,-1.0022180464511128,148K,"20.9K
            ",315
68,3.5,0.9108547459999999,6377,1195889.0,0.72,1346,0.26,52960,0,1,TU,1.3300670157039902,-0.9435191357239939,0.256899565147651,"4,480","4,638
            ","1,664"
69,3.8,0.96064257,5080,1187959.0,0.77,1338,0.26,50740,0,1,LU,1.7805841299148404,-0.6618576659046046,-0.66056667903095,35.7K,"11.5K
            ","2,831"
70,3.6,0.8732558140000001,25860,1180710.5,0.31,1165,0.76,11000,1,0,UC,-3.000000894805916,0.8156686694831239,-0.2624186309501934,88.7K,"41.4K
            ","1,251"
71,3.7,0.9435806309999999,15218,1161468.5,0.69,1195,0.52,46755,0,1,'Cuse,0.23898538500382954,-0.8207097920227193,-0.37775777715128955,75.3K,"29.1K
            ",789
72,3.64,0.911802192,14348,1156261.0,0.58,1239,0.4,43790,0,0,BU,0.23318959831450722,-0.5719201900191162,0.007425871312570427,93.8K,"16K
            ",360
73,3.88,0.889585947,4955,1154305.5,0.84,1380,0.3,51400,0,1,WFU,2.162175241808602,-0.3087062885476251,-0.7089847239966409,486,"574
            ",339
74,3.5,0.8610229979999999,29963,1152364.5,0.34,1134,0.63,10771,1,0,TTU,-3.052429980733153,0.9198432778875236,-0.06373654483288521,41.2K,"10.5K
            ",202
75,3.7,0.8848398390000001,22621,1130287.0,0.38,1143,0.91,11922,1,0,UK,-2.9366209634005105,0.5866870155453879,-0.5402869396379582,99.4K,"25K
            ","1,133"
76,3.9,0.818227467,22139,1103279.0,0.43,1214,0.77,12970,1,0,Chatt ,-2.023380876814072,1.3394948909523579,-0.852176419174548,170K,"22.9K
            ","1,191"
77,3.7,0.871927352,27846,1076480.5,0.47,1212,0.77,11531,1,0,CU,-2.4300675993834924,1.0700989308914628,-0.8324933073615784,421,"1,313
            ",138
78,3.5,0.162031439,1665,1076078.0,0.48,1117,0.33,25200,0,0,Berea,-0.06705053603894362,1.286402211311361,4.085054605358689,259,"868
            ",62
79,3.9,0.91691023,7454,1073191.5,0.66,1257,0.65,42166,0,0,SLU,0.5333286974624859,-0.6565828016860369,-0.6138252806536768,"3,172","335
            ",16
80,3.95,0.8479853479999999,2532,1050826.0,0.85,1383,0.16,52496,0,1,Middlebury,2.6357997326268894,-0.03747041528898431,-0.6242706922123709,"1,247","419
            ",127
81,3.55,0.75,23789,1049846.5,0.29,1130,0.76,9166,1,0,The U,-3.1379226174924075,1.010257956909501,0.487431020898147,108K,"29K
            ","2,236"
82,3.66,0.859842698,36168,1042817.0,0.59,1187,0.57,14372,1,1,Rutgers,-2.110938017212595,1.4389329052792952,-0.9922452346580188,333,"39
            ",5
83,3.86,0.8425741259999999,27951,1010859.5,0.63,1252,0.54,11818,1,1,Ge,-1.3284406162856024,1.6780561147606787,-1.308719093876428,103K,"14.1K
            ",488
84,3.9,0.8238557559999999,3406,997346.0,0.58,1295,0.37,39502,0,1,TU,1.0530684136920188,-0.1036237826202495,-0.02564615055903423,25.9K,"6,956
            ",718
85,3.7,0.8625277159999999,23847,991289.5,0.48,1264,0.46,9058,1,1,NCSU,-1.6657163308961969,1.3860009593146594,-0.7295802632326109,"2,518","649
            ",63
86,4.0,0.815631542,28472,977554.5,0.69,1315,0.48,10399,1,1,College Park,-0.7401099947931313,2.1867932265125853,-1.7013225833476142,91.5K,"11.5K
            ","1,335"
87,3.8,0.719054242,2424,955893.0,0.87,1405,0.27,55210,0,1,Vassar,2.489160572070243,-0.001273533709010196,0.17653281298427514,102,"300
            ",238
88,3.7,0.860137852,22548,923793.5,0.42,1154,0.63,9062,1,0,U of A,-2.3922833148895886,0.9839166519600012,-0.4748261419524349,44.6K,"13.5K
            ",124
89,3.4,0.832986905,24904,896802.5,0.41,1039,0.72,11391,1,0,Wazzu,-3.3278763907470643,0.3431609314936558,0.43640805341793737,"5,969","6,761
            ",208
90,3.9,0.943052392,3608,890932.5,0.83,1360,0.33,53582,0,1,Brandeis,2.096508493888479,-0.6215536766154295,-0.9208860209279784,349,"232
            ",89
91,4.0,0.865499573,10849,865986.0,0.7,1319,0.38,48484,0,1,The U,1.4784537760415704,0.05136538802121402,-0.8155721686744243,84.9K,"7,735
            ",591
92,3.5,0.8041967959999999,21093,862276.5,0.39,1118,0.75,8738,1,0,OK State,-2.98440679639467,0.6067235430455461,0.32001988911424833,193,"192
            ",135
93,3.7,0.858299595,2882,856953.0,0.85,1374,0.29,53980,0,1,Colgate,2.054865536537328,-0.6490171444588402,-0.1320440073730794,275,"440
            ",83
94,3.5,0.675084175,2714,847148.0,0.71,1229,0.51,42000,0,1,YU,0.5038805565156894,-0.6463415765373816,1.4252597382200085,"1,052","1,941
            ",170
95,3.97,0.90521327,1879,836638.5,0.89,1445,0.26,52770,0,0,Hamilton,2.7525282209039243,-0.23817054304650323,-1.0788456306300906,12.3K,"19.2K
            ","1,179"
96,3.88,0.9576271190000001,1381,825053.0,0.78,1346,0.4,50500,0,0,BMC,1.7779583456060417,-0.8243839036384574,-0.8164640533221496,361,"417
            ",84
97,3.4,0.906122449,26118,816833.0,0.42,1210,0.76,11374,1,0,Louisiana,-2.9258910536728004,0.4113944780098867,-0.19659942522621457,729,"4,976
            ",339
98,4.0,0.8402718779999999,6276,807457.5,0.85,1353,0.37,20287,1,1,College,0.6970508656137218,1.228147724837223,-1.4306881531518538,"2,570","179
            ",231
99,3.6,0.946202532,2895,801326.5,0.72,1357,0.28,53460,0,0,Oberlin,1.5332636112343228,-1.0729574132598565,-0.07913241359069902,"2,755","2,060
            ",91
100,3.59,0.92257361,3542,793247.5,0.76,1226,0.37,51992,0,1,Pepperdine,1.014533625771486,-1.3024786250509544,0.15263913698795703,14.5K,"7,311
            ",354
101,3.73,0.741590214,2971,790069.5,0.87,1425,0.18,52474,0,1,IWU,2.5146370469460253,-0.008771712353671654,0.19151696259701345,"1,686","434
            ",7
102,3.5,0.809320527,15827,779988.5,0.28,1159,0.73,11264,1,0,U of L,-2.876269856743508,0.46444548167483396,0.5273051751978198,124,"55
            ",18
103,3.6,0.916984925,30671,773333.0,0.44,1142,0.87,8420,1,0,ISU,-3.199283726087284,0.6759290058433061,-0.7783157114928893,28.2K,"5,248
            ",139
104,3.53,0.721655066,35871,768190.5,0.23,1154,0.59,11887,1,0,UH,-3.1878425024884947,1.6891609696619467,0.37836979951563937,193K,"17K
            ",558
105,3.42,0.804612821,34072,761295.5,0.42,1165,0.79,11644,1,0,U of A,-3.235773242407348,0.9491968304381293,0.023745187737213683,160K,"28.8K
            ",749
106,4.0,0.875338753,2105,760796.0,0.88,1400,0.23,52782,0,1,Carleton,2.692890061721922,-0.14057957003000068,-0.9463947738733266,114,"573
            ",39
107,3.6,0.946791862,2277,756640.5,0.79,1345,0.44,50440,0,0,DU,1.3251025016278866,-1.2561884725090016,-0.18266144019822025,438,"424
            ",175
108,3.5,0.949790795,3571,755889.5,0.84,1315,0.3,53986,0,0,Bucknell,1.4855405544372338,-1.3589191728763093,0.016569527103426778,"4,751","3,012
            ",209
109,3.5,0.9363636359999999,2550,755398.5,0.85,1294,0.28,50850,0,0,Lafayette,1.4431976767864119,-1.3241476249096908,0.11538998390080651,110,"81
            ",94
110,3.3,0.811498065,12847,752194.0,0.18,1055,0.69,13828,1,0,UoM,-3.487657016746983,-0.14037131862948624,1.3617725709060198,284K,"12.1K
            ","2,180"
111,3.6,0.9416683259999999,12410,751806.5,0.29,1251,0.55,40068,0,1,RIT,-0.7377977628434721,-0.8378483149032155,0.311768864824387,"1,749","1,853
            ",244
112,3.6,0.85971159,20049,738901.5,0.5,1119,0.78,11571,1,1,UO,-2.603194521250125,0.4360978031966527,-0.2669742749735319,140K,"11.6K
            ",10.9K
113,3.89,0.93902439,2146,731103.5,0.84,1358,0.37,52464,0,1,Macalester,2.0408004604574024,-0.7238548758140555,-0.8768325664270459,450,"2,148
            ",187
114,3.9,0.809688581,1879,728308.0,0.84,1363,0.19,53120,0,1,Colby,2.4736567680384667,-0.1238287923724994,-0.32145452918578465,"1,765","2,325
            ",288
115,4.0,0.815315315,1347,721488.5,0.86,1408,0.09,52825,0,1,CMC,2.9669860094992826,0.1798683770426537,-0.6360309671784002,"2,902","2,507
            ",74
116,4.0,0.9192917909999999,13473,711212.5,0.82,1435,0.29,49497,0,1,NE,2.1667127711660146,0.21651921620539058,-1.4430463664631632,190,"52
            ",8
117,3.85,0.803370787,2101,701655.0,0.82,1400,0.17,53238,0,1,CC,2.509086792886766,-0.08817712031542273,-0.21624213300998843,"1,823","3,552
            ",160
118,3.05,0.947916667,2941,701151.5,0.89,1375,0.38,50630,0,1,College,0.9716608076878226,-2.038058793759405,0.8794762698213385,117,"407
            ",81
119,3.8,0.958598726,2199,683949.5,0.78,1410,0.52,47940,0,0,MHC ,1.5777827989993163,-0.9042315516925452,-0.8038302755135607,"5,415","4,243
            ",161
120,3.5,0.833219878,5899,672702.5,0.39,1105,0.3,25697,0,1,HU,-0.7602877245275291,-0.7082303900979114,1.2703432862815769,"2,585","122K
            ","1,372"
121,3.9,0.72299169,1796,672213.0,0.9,1355,0.2,49949,0,1,DC,2.5447809330371873,0.15563665655393835,-0.03898172429255646,10.9K,"9,509
            ",742
122,3.5,0.8783555470000001,16440,664659.0,0.37,1080,0.63,40790,0,0,SJU,-1.4196370189430636,-1.0712762142743344,0.8327306435158449,"1,819","7,778
            ",325
123,3.5,0.967109867,12871,663806.5,0.67,1107,0.76,18067,1,1,UNH,-2.1045849359517117,-0.49725522486984564,-0.4802326371508573,"6,531","2,473
            ",75
124,3.7,0.937676583,13251,659319.0,0.68,1214,0.75,52002,0,1,DU,0.03415963612478251,-1.2047562272038144,-0.3926939512574177,"4,955","26.4K
            ","1,011"
125,3.9,0.979524073,6265,655731.0,0.61,1368,0.44,52305,0,1,RPI,1.3235710097328497,-0.6783347300553454,-0.9168473973564296,"4,813","10.7K
            ","3,936"
126,3.9,0.8815221659999999,22658,644308.5,0.47,1218,0.81,10968,1,1,AU,-2.1043041089218333,1.1031915366466063,-1.2449710846572308,114K,"7,260
            ",297
127,3.85,0.987315011,25556,640327.5,0.54,1275,0.68,12262,1,1,Carolina,-1.732937723759487,0.9898825387679187,-1.803534094828786,182K,"19.9K
            ","3,324"
128,3.59,0.88200313,9258,640201.5,0.74,1273,0.45,50601,0,1,FU,0.815270725202024,-0.9395733309259267,0.08504770764372549,"1,237","341
            ",63
129,4.0,0.9098075590000001,18599,634952.5,0.59,1275,0.51,14712,1,1,CU,-0.8462134735910823,1.3340377356673976,-1.6561584007690666,107K,"9,199
            ",733
130,3.8,0.935042735,2225,629177.5,0.78,1208,0.78,47838,0,0,DePauw,0.5211976237895067,-1.4573529773713052,-0.45011667029127733,346,"199
            ",93
131,3.6,0.82113393,42477,627889.0,0.49,1143,0.83,10792,1,1,Arizona,-3.229037662400539,1.4081142911609361,-0.7667509360387942,278K,"28K
            ","3,186"
132,3.64,0.919175911,2797,620564.0,0.78,1310,0.68,48348,0,0,FU,0.792420584106065,-1.366907889730502,-0.17182040826849224,"5,131","8,910
            ",116
133,3.7,0.8940355329999999,5754,620064.5,0.66,1249,0.53,48669,0,1,UoDS,0.6228787476480379,-1.0084273439769944,-0.0013621947008801863,43.9K,"12.1K
            ",328
134,3.6,0.860277886,20411,610128.5,0.58,1173,0.59,9770,1,1,UB,-1.9923868524391608,0.7342355605054451,-0.4464996221575596,"1,807","40.3K
            ",608
135,3.5,0.844964029,2809,605762.5,0.48,1034,0.48,41450,0,0,UoLV,-0.6724629570120773,-1.4568870525531898,1.2996685032276254,"2,353","4,103
            ",142
136,3.6,0.861093144,19213,604633.0,0.37,1118,0.78,8290,1,0,Ole Miss,-2.9462717913433156,0.47259479873040894,-0.0989534894043119,21.8K,"21.3K
            ",531
137,3.85,0.7547573009999999,32929,594902.0,0.61,1215,0.58,6507,1,1,FSU,-1.7806750613526114,2.077066134128482,-1.0320001561727694,109K,"20.7K
            ","1,551"
138,3.7,0.948698316,7901,588627.5,0.76,1252,0.26,46615,0,1,AU,1.175961982511565,-0.8172650128001222,-0.3788437700641073,"4,764","4,874
            ","1,728"
139,3.86,0.964966512,6999,552447.5,0.86,1326,0.44,51434,0,1,Nova,1.6525180048422692,-0.8040929612071448,-1.0595676274901042,"4,593","3,975
            ",189
140,3.57,0.911838791,8238,550832.0,0.6,1219,0.74,39900,0,1,Marquette,-0.40650137762950983,-1.2964444889547897,0.20506006647449349,"1,352","1,243
            ",68
141,3.7,0.865758755,2259,543220.5,0.8,1325,0.34,54770,0,0,Trinity,1.726392407765702,-0.863625306954243,-0.0407240495076152,"4,884","2,860
            ",230
142,4.0,0.754217901,28127,542225.5,0.59,1344,0.36,16183,1,1,UoCD,-0.5106970165557058,2.4364092489721036,-1.3478838470235246,197,"258
            ",47
143,3.7,0.9146678970000001,11129,539013.0,0.65,1195,0.73,42828,0,1,LUC,-0.19133584353393623,-1.0808644270860817,-0.20195094513882159,68,"15
            ",21
144,3.5,0.88402379,22350,522491.5,0.32,1073,0.76,8376,1,0,WVU,-3.3945372300246244,0.3017176096199742,0.07976496765633723,144K,"33.7K
            ",89
145,3.9,0.9289617490000001,1427,520856.0,0.86,1383,0.35,52150,0,0,Reed,2.219119186718765,-0.6574041739768745,-0.918820343341871,241,"822
            ",67
146,4.0,0.7222222220000001,27331,505537.5,0.71,1175,0.41,15516,1,1,UoC,-0.8301875251424536,2.1311339729226617,-1.1027215863972541,61.4K,"10.1K
            ",516
147,3.7,0.869253528,25327,498957.5,0.33,1112,0.77,10797,1,0,OSU,-3.0148404878493134,0.7991759162699286,-0.467581790449233,72.8K,"13.3K
            ",244
148,3.7,0.92879257,1493,496224.0,0.83,1314,0.51,49780,0,1,Whitman,1.3409698119556643,-1.2182260661268267,-0.35806297653604324,57,"113
            ",62
149,3.5,0.8763555940000001,23788,494383.0,0.46,1108,0.75,11896,1,0,OU,-2.9212162055734385,0.3577494404416463,-0.15639257508361873,67.5K,"45.3K
            ","2,123"
150,3.7,0.958478851,8330,486764.5,0.58,1187,0.6,41750,0,1,UD,-0.12475183400063722,-1.178303876173796,-0.18565010387039962,41.7K,"5,805
            ","1,603"
151,4.0,0.655172414,1268,483394.0,0.86,1433,0.21,52754,0,1,Haverf,2.9245788003769495,0.5900290020022936,-0.04902814752318628,382,"668
            ",74
152,3.5,0.893984608,19472,482276.5,0.31,1160,0.94,9874,1,1,K-State,-3.353592504215752,0.1079628342080985,-0.040686456837066454,82,"40
            ",3
153,3.9,0.914923292,5711,459889.5,0.66,1236,0.51,47708,0,1,USD,0.8514674338928094,-0.7574840025582893,-0.5369565675019814,12.8K,"16.9K
            ",127
154,3.63,0.889264582,16981,453537.5,0.66,1259,0.8,14578,1,1,Miami,-1.6966233099808727,0.3871194139776894,-0.8237717083362809,"1,987","311
            ",275
155,3.8,0.986745214,4432,451093.5,0.8,1380,0.48,48628,0,1,WPI,1.5275237442594507,-0.9600377330766467,-0.973486010624243,690,"2,764
            ",32
156,3.6,0.95361991,3040,447320.5,0.85,1282,0.45,46000,0,0,St.,1.1119091703858146,-1.344450318859331,-0.25550462219145537,452,"926
            ",14
157,3.4,0.8546269120000001,18090,446795.5,0.32,1140,0.71,8138,1,0,MSU,-3.1175329051822858,0.24066776083210298,0.44620782938137776,"6,806","4,324
            ","1,866"
158,3.6,0.952882483,6111,442846.5,0.62,1202,0.83,41133,0,1,UoST,-0.47257474402366834,-1.6170501290650894,-0.0010676298133398146,"2,463","5,039
            ",236
159,3.6,0.93965017,29275,440208.5,0.44,1195,0.52,16274,1,1,TU,-2.2574823376144204,0.8440333410765845,-0.8547556570279788,153K,"31.6K
            ","1,713"
160,3.5,0.818088033,9788,433777.5,0.27,1122,0.95,5217,1,0,UW,-3.377884246370633,-0.014639013233310388,0.6341266439624992,80,"661
            ",22
161,3.6,0.952554745,1713,433440.5,0.64,1139,0.51,18214,1,0,VMI,-1.210990174732716,-0.4180800299202757,-0.3221607931043585,"2,714","1,122
            ",427
162,3.6,0.910606542,15407,429124.5,0.59,1185,0.7,39010,0,1,DPU,-0.637367367002531,-0.9864220220781315,0.005745131761659679,71.8K,"5,219
            ",184
163,3.6,0.929640719,6899,414802.0,0.53,1210,0.62,43960,0,1,Hofstra,-0.23358797901707878,-1.3097174951565287,0.2279383197345525,23.9K,"18.9K
            ","1,243"
164,3.4,0.937625755,2203,410756.0,0.81,970,0.37,53490,0,1,Union,0.12030318595505202,-2.237278286736763,0.8613886559158932,"1,783","4,115
            ",113
165,3.9,0.732174385,31461,406369.5,0.44,1167,0.47,6410,1,1,USF,-2.0021852835437346,2.228289701086422,-0.7089413694639431,640,"2,943
            ",387
166,3.7,0.92972973,2456,398823.0,0.82,1314,0.68,35190,0,0,Wheaton,0.6808842844304205,-1.128626689291896,-0.4591013249962823,12.8K,"6,841
            ",340
167,3.3,0.5328014179999999,20215,398455.0,0.23,1040,0.47,7150,1,1,UNM,-3.2411351218868303,1.288202345436068,2.2764588469186333,"1,351","879
            ",251
168,3.78,0.966183575,2420,398049.5,0.81,1360,0.48,52930,0,1,Dickinson,1.6177023882326553,-1.1156123807927805,-0.7615872470286136,"1,517","1,133
            ",117
169,3.7,0.92238806,1031,394826.0,0.65,1315,0.58,45750,0,0,Earlham,0.7549862132933374,-1.1821386007712684,-0.11843335713489024,118,"146
            ",20
170,3.7,0.953692115,2289,388410.0,0.71,1335,0.55,44400,0,1,Clark,0.9175771388184263,-1.162465120161186,-0.3919159952246748,106,"128
            ",70
171,3.6,0.9185441940000001,2062,381923.5,0.76,1304,0.46,52838,0,1,Oxy,1.1589945874474104,-1.3332417055172303,0.0131212526652079,16.9K,"8,973
            ",630
172,3.67,0.8747632879999999,19324,380160.0,0.7,1233,0.49,14880,1,1,UConn,-1.1562336878648338,0.8334022232593441,-0.8740931171532951,"3,618","752
            ",687
173,3.5,0.912317328,3483,379057.5,0.5,1152,0.66,46346,0,1,Pacific,-0.5311999750465732,-1.723288336601729,0.7470107517396792,"6,446","12.9K
            ",284
174,3.4,0.976190476,7099,377919.5,0.69,1095,0.76,46780,0,0,QU,-0.7217757590053154,-2.2109508455519338,0.42909822938145803,11K,"10.5K
            ",215
175,3.7,0.8829268290000001,1731,367797.5,0.79,1295,0.44,45120,0,1,Sewanee,1.227965805584684,-0.9518095991809346,-0.10134056776108859,182K,"19.9K
            ","3,324"
176,3.5,0.920197044,2125,354886.5,0.71,1015,0.53,28181,0,1,Spelman,-0.6386785629033608,-1.6770114621680716,0.6615482939533218,34.8K,"21.9K
            ","1,285"
177,3.7,0.960212202,843,341020.0,0.64,1145,0.63,42250,0,1,Wabash,0.02845181667706295,-1.6109991356174076,-0.019121438704708105,"4,976","5,342
            ",287
178,3.3,0.914032698,18313,337755.0,0.22,1030,0.82,1943,1,1,WMU,-4.179386823452698,-0.29401447682192294,0.6726267773314535,"3,657","4,096
            ",162
179,3.68,0.925233645,2680,335776.0,0.85,1239,0.29,52446,0,1,Skidm,1.5238274891782848,-1.1673607202177791,-0.20261203073755293,60,"146
            ",14
180,3.3,0.909277294,7014,334584.0,0.53,1200,0.6,47330,0,1,The,-0.5603849723987857,-1.7817819269175024,1.0163407489303844,80.6K,"34.4K
            ",847
181,4.0,0.7473672290000001,29546,330564.5,0.55,1226,0.42,14382,1,1,UoC,-1.1451698812333275,2.2599748579680075,-1.158718933234705,"1,031","2,489
            ",116
182,3.9,0.92519685,1999,329070.5,0.77,1306,0.54,46504,0,1,Rhodes,1.3174811690907948,-0.8578368468960742,-0.7525100983744067,"8,924","6,541
            ",883
183,3.81,0.944816054,2255,320093.0,0.83,1375,0.36,54380,0,1,Franklin,1.9985823524086892,-0.8923338905386617,-0.76454832378521,"8,025","7,115
            ","1,081"
184,3.46,0.669511902,24838,319987.5,0.23,1084,0.9,7174,1,1,USU,-3.8250463872024967,0.9182550321515421,1.0509501234058747,533,"726
            ",310
185,3.6,0.9611764709999999,2508,316018.5,0.7,1290,0.79,48090,0,1,UoPS,0.27921334422403493,-1.7269531821240693,-0.16261588787553147,56,"392
            ",13
186,3.33,0.9558198809999999,3241,315306.5,0.62,1195,0.8,44060,0,1,The,-0.6782905283561156,-2.2103333035738455,0.6950807977205183,64.8K,"21.3K
            ",491
187,3.5,0.9564516129999999,4032,313656.5,0.78,1270,0.61,47165,0,0,Fairfield,0.5049675010422777,-1.6735829907753133,0.0031247594819536484,317,"151
            ",97
188,3.4,0.922339406,6745,307343.5,0.62,1172,0.71,46250,0,1,USF,-0.5259112793128153,-1.8435301149051775,0.6385269302858091,"1,097","1,747
            ",243
189,3.6,0.7670557290000001,18191,304642.5,0.23,1084,0.83,7599,1,1,UoN,-3.3871745799636903,0.6423255257347371,0.5196449736322314,26.4K,"10.2K
            ",516
190,3.4,0.8111676520000001,17280,303894.5,0.13,1070,0.68,13278,1,1,Wayne,-3.544139080073518,0.20740061494046705,1.0156839169263303,"1,376","2,082
            ",208
191,4.0,0.912280702,1039,300516.0,0.8,1362,0.3,52966,0,1,Scripps,2.274056408488409,-0.46269611760042867,-0.9628931436281501,"5,375","8,717
            ","1,413"
192,3.3,0.663585003,7239,297936.5,0.15,1058,0.73,8144,1,1,UAA,-3.518982188143805,0.14118515788491184,2.103574395427542,"7,187","1,912
            ",316
193,3.8,0.8761220829999999,2588,291639.5,0.83,1357,0.17,52662,0,1,Barnard,2.246038808201094,-0.49032933280472824,-0.4047571568359577,27,"135
            ",4
194,3.6,0.8766531359999999,25177,283851.5,0.42,1145,0.85,11632,1,1,CSU,-2.97965455563534,0.5300718243951912,-0.46881982673946043,"1,823","3,552
            ",160
195,3.7,0.9749283670000001,3790,277671.0,0.77,1211,0.48,42908,0,1,Emerson,0.6969775117683344,-1.3257360695728149,-0.40818905394924754,22.8K,"15.2K
            ","4,858"
196,3.59,0.9645799009999999,6221,277671.0,0.66,1265,0.7,42884,0,0,IC,0.03886763902025345,-1.4752139288586594,-0.16433274913639964,25.5K,"13.3K
            ",151
197,3.66,0.9639175259999999,4222,249287.0,0.83,1244,0.46,48000,0,0,Bentley,1.0145009389597766,-1.359448277209593,-0.39699987078069177,911,"2,169
            ",227
198,3.6,0.9694206009999999,5377,209043.0,0.72,1210,0.78,43880,0,0,St.,-0.08340856090678128,-1.724469102791259,-0.19720343335294252,"7,251","9,646
            ","1,851"
199,3.4,0.9664929259999999,4104,199530.0,0.76,1270,0.66,47725,0,0,Loyola,0.23950264343393446,-1.9288048817370822,0.19480896837258851,"1,307","2,105
            ",211
200,3.4,0.9712879409999999,4270,198600.0,0.81,1235,0.55,48760,0,0,PC,0.44385901913672815,-1.91837556224979,0.18389187994334844,776,"168
            ",168
201,3.4,0.9523809520000001,1801,185790.5,0.68,1163,0.64,38590,0,0,Simmons,-0.3618572806649762,-1.975435672148805,0.5653195468941363,88,"318
            ",70
202,3.2,0.660674157,1121,177013.0,0.2,883,0.66,16558,0,0,Gallaudet,-2.8740945369922826,-1.433131849946827,3.2585126991972504,15.1K,"3,869
            ",216
203,3.5,0.969278997,3867,167536.5,0.72,1134,0.75,43310,0,1,U of S,-0.3768997456542548,-2.04220169081797,0.19168579314965212,106,"69
            ",16
204,3.5,0.96969697,3462,164350.5,0.73,1230,0.69,42109,0,0,Bryant,0.027082352894224806,-1.809639146444209,0.047327801337170725,"5,560","2,503
            ",94
205,3.5,0.95059151,2897,159158.5,0.58,1073,0.66,33905,0,1,Le,-0.8868353945017465,-1.849590546362555,0.565991572632545,"1,714","1,104
            ",21
206,3.6,0.9373540859999999,5730,155900.0,0.58,1087,0.53,7936,1,0,SUNY,-1.8693729139748194,-0.17454509372744595,-0.2670737569763495,"5,878","5,520
            ",137
207,3.3,0.22654109600000003,15210,147900.0,0.38,1230,0.31,7551,1,1,CUNY--Baruch,-1.7440674913030947,2.5099212385519323,3.212981125234477,12.3K,"8,285
            ","1,667"
208,3.5,0.9619820590000001,5428,141168.5,0.54,1180,0.57,39820,0,1,Sacred,-0.43657296603808565,-1.593431138724635,0.3684457998897644,"6,562","988
            ",29
209,3.6,0.93122172,2595,109696.5,0.64,1078,0.78,36454,0,1,Canisius,-0.7350978868135836,-1.8129171122113503,0.31895167738402214,"3,610","1,820
            ",163
210,3.3,0.96895075,1815,106906.0,0.43,1057,0.63,32264,0,1,AU,-1.5060942395979005,-2.2080819502354467,1.1938284397849208,"2,980","3,677
            ",112
211,3.3,0.225795811,16723,105700.0,0.24,1165,0.38,6780,1,0,CUNY--Hunter,-2.427984266061036,2.4273128699201862,3.439239200555299,"1,355","1,738
            ",110
212,3.4,0.818360656,3575,103400.0,0.23,1074,0.73,35870,0,0,NYIT,-1.8049009736649282,-1.5773591285903308,1.7727671165747876,"1,027","1,783
            ",317
213,3.5,0.975378788,2407,97500.5,0.72,1180,0.78,36260,0,1,Assumption,-0.4079482344663559,-1.9580836096462233,0.10269381740745408,"4,744","19.1K
            ",342
214,3.4,0.964731815,3136,91240.0,0.6,1037,0.83,31950,0,1,NU,-1.4401140895790496,-2.2636451082352917,0.7123022214421028,290,"343
            ",56
215,3.3,0.9149154279999999,3652,84808.0,0.57,990,0.77,29500,0,0,La,-1.7229977268036138,-2.2220631056744153,1.2517004240511678,10.3K,"4,058
            ",199
216,3.3,0.9762693159999999,4902,82768.5,0.55,1200,0.79,33336,0,0,RWU,-1.1392505740554815,-2.071852373343977,0.6676578350925513,427,"1,511
            ",120
217,3.5,0.9368932040000001,1174,82285.5,0.5,1150,0.71,37960,0,1,Hood,-0.7706296184710267,-1.8359741255448423,0.6502608391550443,86,"156
            ",27
218,3.3,0.9462563159999999,6371,78549.0,0.55,1037,0.77,36733,0,0,Monmouth,-1.554603532339314,-2.2467506735568863,1.0190784009778189,149,"207
            ",124
219,3.6,0.951122853,2290,78396.0,0.64,1210,0.7,45380,0,0,WC,-0.0019974745334535053,-1.7172890008352797,0.07741470978288648,"2,715","221
            ",122
220,3.4,0.90513834,3637,77149.5,0.57,1097,0.71,40345,0,1,MMC,-0.9119662304228465,-1.9538009145651323,0.940354997867532,"6,588","7,930
            ",687
221,3.6,0.87145452,19198,68700.0,0.46,1081,0.74,99694,1,0,TU,-0.8255866324608168,-1.1334344751326888,0.012387976287460635,223,"470
            ",43
222,3.3,0.929824561,3290,65859.0,0.76,1160,0.79,32154,0,0,Endicott,-0.7596431529848794,-2.093642379376889,0.6876180505161568,389,"626
            ",6
223,3.6,0.9555226090000001,2473,64835.5,0.58,1104,0.63,42330,0,1,AU,-0.4151014285397238,-1.7792852748588028,0.30168669429836525,453,"442
            ",243
224,3.5,0.9691252140000001,2159,62356.0,0.58,1150,0.72,32424,0,0,Nazareth,-0.7793288134442059,-1.8450596902754175,0.3641897543511387,117,"65
            ",61
225,3.2,0.9650655020000001,2110,61331.0,0.63,1042,0.66,36535,0,1,Springfield,-1.2164092618392677,-2.5277809176107677,1.1927213390070273,22,"14
            ",3
226,3.7,0.965811966,1712,61011.0,0.72,1160,0.76,42180,0,1,Lebanon,-0.010663139646117207,-1.7467767726167611,-0.2464050333337127,"5,368","18.4K
            ","2,781"
227,3.4,0.94109589,1660,59120.5,0.53,1066,0.66,33301,0,0,Bona,-1.1330496736328235,-2.0259350647074066,0.9335886041298185,473,"999
            ",61
228,3.6,0.925233645,3098,57358.5,0.47,1035,0.78,30932,0,0,Gannon,-1.371936511505224,-1.7230763923817316,0.5999569942934146,22,"14
            ",1
229,3.3,0.9518384259999999,4060,57288.5,0.58,1014,0.69,41310,0,1,Rider,-1.2664535990939583,-2.3957266693467525,1.0823876779370218,"5,810","5,419
            ","2,345"
230,3.3,0.957435897,5616,56500.0,0.75,1255,0.41,36780,0,1,Marist,0.1815363062501713,-1.6098131010009866,0.4627561407516614,23.3K,"7,937
            ",280
231,3.3,0.976766699,2124,55478.5,0.64,1180,0.68,38986,0,1,Salve,-0.6209358891540011,-2.21995794858472,0.6901041100640917,"1,438","2,813
            ",189
